gender,year,category,born,age,decade
male,1/01/2007,economics,1917,90,2000
male,1/01/2012,economics,1923,89,2010
female,1/01/2007,literature,1919,88,2000
male,1/01/2002,physics,1914,88,2000
male,1/01/1966,medicine,1879,87,1960
male,1/01/2003,physics,1916,87,2000
male,1/01/2008,physics,1921,87,2000
male,1/01/1973,medicine,1886,87,1970
male,1/01/1995,peace,1908,87,1990
male,1/01/1927,peace,1841,86,1920
female,1/01/2015,medicine,1930,85,2010
male,1/01/2010,medicine,1925,85,2000
male,1/01/2009,physics,1924,85,2000
male,1/01/2014,physics,1929,85,2010
male,1/01/2014,physics,1929,85,2010
male,1/01/2002,chemistry,1917,85,2000
male,1/01/2015,medicine,1930,85,2010
male,1/01/1902,literature,1817,85,1900
male,1/01/2005,economics,1921,84,2000
male,1/01/1978,physics,1894,84,1970
male,1/01/2013,physics,1929,84,2010
male,1/01/2001,chemistry,1917,84,2000
male,1/01/1984,literature,1901,83,1980
male,1/01/2013,chemistry,1930,83,2010
male,1/01/2013,chemistry,1930,83,2010
male,1/01/1987,chemistry,1904,83,1980
male,1/01/1988,medicine,1905,83,1980
female,1/01/2013,literature,1931,82,2010
male,1/01/1979,chemistry,1897,82,1970
male,1/01/1998,medicine,1916,82,1990
male,1/01/2007,medicine,1925,82,2000
male,1/01/1996,economics,1914,82,1990
female,1/01/1983,medicine,1902,81,1980
male,1/01/1991,economics,1910,81,1990
male,1/01/2013,physics,1932,81,2010
male,1/01/1946,peace,1865,81,1940
male,1/01/1968,peace,1887,81,1960
female,1/01/1982,peace,1902,80,1980
male,1/01/1910,literature,1830,80,1900
male,1/01/2011,literature,1931,80,2010
male,1/01/2005,physics,1925,80,2000
male,1/01/1986,physics,1906,80,1980
male,1/01/2010,chemistry,1930,80,2000
male,1/01/2008,chemistry,1928,80,2000
male,1/01/2008,chemistry,1928,80,2000
male,1/01/2015,medicine,1935,80,2010
male,1/01/1909,peace,1829,80,1900
female,1/01/1946,peace,1867,79,1940
male,1/01/1977,literature,1898,79,1970
male,1/01/1975,literature,1896,79,1970
male,1/01/1953,literature,1874,79,1950
male,1/01/2010,chemistry,1931,79,2000
male,1/01/1994,physics,1915,79,1990
male,1/01/2012,medicine,1933,79,2010
male,1/01/1997,chemistry,1918,79,1990
male,1/01/2009,physics,1930,79,2000
male,1/01/1997,chemistry,1918,79,1990
male,1/01/1901,peace,1822,79,1900
male,1/01/1989,economics,1911,78,1980
male,1/01/1947,literature,1869,78,1940
male,1/01/2002,peace,1924,78,2000
male,1/01/1966,literature,1888,78,1960
male,1/01/2004,chemistry,1926,78,2000
male,1/01/1977,physics,1899,78,1970
male,1/01/1977,economics,1899,78,1970
male,1/01/1950,literature,1872,78,1940
female,1/01/1986,medicine,1909,77,1980
male,1/01/2009,economics,1932,77,2000
male,1/01/2000,physics,1923,77,1990
male,1/01/1988,economics,1911,77,1980
male,1/01/2015,chemistry,1938,77,2010
male,1/01/2015,chemistry,1938,77,2010
male,1/01/1995,physics,1918,77,1990
male,1/01/1980,medicine,1903,77,1970
male,1/01/2000,medicine,1923,77,1990
male,1/01/1995,medicine,1918,77,1990
male,1/01/1979,economics,1902,77,1970
male,1/01/1921,literature,1844,77,1920
male,1/01/1988,literature,1911,77,1980
male,1/01/1952,peace,1875,77,1950
female,1/01/2009,economics,1933,76,2000
female,1/01/2009,economics,1933,76,2000
male,1/01/2009,physics,1933,76,2000
male,1/01/2009,physics,1933,76,2000
male,1/01/1990,literature,1914,76,1980
male,1/01/2002,physics,1926,76,2000
male,1/01/1994,physics,1918,76,1990
male,1/01/1989,physics,1913,76,1980
male,1/01/1974,medicine,1898,76,1970
male,1/01/2008,medicine,1932,76,2000
male,1/01/1974,economics,1898,76,1970
male,1/01/1981,literature,1905,76,1980
male,1/01/1998,literature,1922,76,1990
female,1/01/1966,literature,1891,75,1960
male,1/01/2005,economics,1930,75,2000
male,1/01/2002,economics,1927,75,2000
male,1/01/1998,chemistry,1923,75,1990
male,1/01/1949,medicine,1874,75,1940
male,1/01/1949,medicine,1874,75,1940
male,1/01/1956,literature,1881,75,1950
male,1/01/2000,peace,1925,75,1990
male,1/01/2010,chemistry,1935,75,2000
male,1/01/2003,physics,1928,75,2000
male,1/01/2005,chemistry,1930,75,2000
male,1/01/2002,medicine,1927,75,2000
male,1/01/2000,medicine,1925,75,1990
male,1/01/2014,medicine,1939,75,2010
male,1/01/1932,medicine,1857,75,1930
male,1/01/1974,economics,1899,75,1970
male,1/01/1993,peace,1918,75,1990
male,1/01/2005,literature,1930,75,2000
male,1/01/1903,peace,1828,75,1900
male,1/01/1974,literature,1900,74,1970
male,1/01/1969,economics,1895,74,1960
male,1/01/2010,literature,1936,74,2000
male,1/01/1978,literature,1904,74,1970
male,1/01/1989,physics,1915,74,1980
male,1/01/2003,medicine,1929,74,2000
male,1/01/1992,medicine,1918,74,1990
male,1/01/1950,chemistry,1876,74,1940
male,1/01/2013,economics,1939,74,2010
male,1/01/1994,economics,1920,74,1990
male,1/01/1904,literature,1830,74,1900
male,1/01/1919,literature,1845,74,1910
male,1/01/1907,peace,1833,74,1900
male,1/01/1945,peace,1871,74,1940
female,1/01/1996,literature,1923,73,1990
female,1/01/2011,peace,1938,73,2010
male,1/01/1989,literature,1916,73,1980
male,1/01/1993,economics,1920,73,1990
male,1/01/2006,economics,1933,73,2000
male,1/01/1998,chemistry,1925,73,1990
male,1/01/1983,physics,1910,73,1980
male,1/01/1910,physics,1837,73,1900
male,1/01/2013,chemistry,1940,73,2010
male,1/01/2000,chemistry,1927,73,1990
male,1/01/1960,literature,1887,73,1950
male,1/01/1984,medicine,1911,73,1980
male,1/01/2002,literature,1929,73,2000
male,1/01/1974,peace,1901,73,1970
male,1/01/1901,peace,1828,73,1900
male,1/01/1911,peace,1838,73,1910
male,1/01/1929,peace,1856,73,1920
male,1/01/1937,peace,1864,73,1930
male,1/01/1953,peace,1880,73,1950
male,1/01/2000,physics,1928,72,1990
male,1/01/1953,chemistry,1881,72,1950
male,1/01/1953,chemistry,1881,72,1950
male,1/01/2008,medicine,1936,72,2000
male,1/01/1954,physics,1882,72,1950
male,1/01/1983,literature,1911,72,1980
male,1/01/1983,physics,1911,72,1980
male,1/01/2015,physics,1943,72,2010
male,1/01/1969,chemistry,1897,72,1960
male,1/01/1992,medicine,1920,72,1990
male,1/01/1994,peace,1922,72,1990
male,1/01/1977,physics,1905,72,1970
male,1/01/1904,literature,1832,72,1900
male,1/01/1985,literature,1913,72,1980
male,1/01/1999,literature,1927,72,1990
male,1/01/1951,peace,1879,72,1950
female,1/01/1931,peace,1860,71,1930
male,1/01/1903,literature,1832,71,1900
male,1/01/1984,economics,1913,71,1980
male,1/01/1929,medicine,1858,71,1920
male,1/01/2008,peace,1937,71,2000
male,1/01/1971,physics,1900,71,1970
male,1/01/1982,economics,1911,71,1980
male,1/01/2007,chemistry,1936,71,2000
male,1/01/2002,physics,1931,71,2000
male,1/01/1944,literature,1873,71,1940
male,1/01/2010,economics,1939,71,2000
male,1/01/2010,economics,1939,71,2000
male,1/01/2005,physics,1934,71,2000
male,1/01/2005,physics,1934,71,2000
male,1/01/1990,medicine,1919,71,1980
male,1/01/2000,medicine,1929,71,1990
male,1/01/1994,peace,1923,71,1990
male,1/01/1906,literature,1835,71,1900
male,1/01/1997,literature,1926,71,1990
male,1/01/1982,peace,1911,71,1980
male,1/01/1908,peace,1837,71,1900
male,1/01/1934,peace,1863,71,1930
female,1/01/2009,chemistry,1939,70,2000
female,1/01/1988,medicine,1918,70,1980
male,1/01/2000,physics,1930,70,1990
male,1/01/2015,economics,1945,70,2010
male,1/01/1927,medicine,1857,70,1920
male,1/01/1971,economics,1901,70,1970
male,1/01/1966,chemistry,1896,70,1960
male,1/01/2011,chemistry,1941,70,2010
male,1/01/2010,economics,1940,70,2000
male,1/01/2003,medicine,1933,70,2000
male,1/01/1990,medicine,1920,70,1980
male,1/01/1973,medicine,1903,70,1970
male,1/01/2011,medicine,1941,70,2010
male,1/01/2007,medicine,1937,70,2000
male,1/01/2007,medicine,1937,70,2000
male,1/01/1944,medicine,1874,70,1940
male,1/01/1977,economics,1907,70,1970
male,1/01/1967,chemistry,1897,70,1960
male,1/01/1974,literature,1904,70,1970
male,1/01/1905,chemistry,1835,70,1900
male,1/01/1974,peace,1904,70,1970
male,1/01/1959,peace,1889,70,1950
female,1/01/1979,peace,1910,69,1970
male,1/01/2001,literature,1932,69,2000
male,1/01/1992,chemistry,1923,69,1990
male,1/01/1959,chemistry,1890,69,1950
male,1/01/1946,literature,1877,69,1940
male,1/01/1968,literature,1899,69,1960
male,1/01/1975,chemistry,1906,69,1970
male,1/01/1925,literature,1856,69,1920
male,1/01/2015,chemistry,1946,69,2010
male,1/01/2015,chemistry,1946,69,2010
male,1/01/2015,chemistry,1946,69,2010
male,1/01/2003,economics,1934,69,2000
male,1/01/2012,chemistry,1943,69,2010
male,1/01/2012,chemistry,1943,69,2010
male,1/01/2009,chemistry,1940,69,2000
male,1/01/2009,chemistry,1940,69,2000
male,1/01/2014,literature,1945,69,2010
male,1/01/2007,physics,1938,69,2000
male,1/01/2007,physics,1938,69,2000
male,1/01/1961,literature,1892,69,1960
male,1/01/1994,medicine,1925,69,1990
male,1/01/2011,economics,1942,69,2010
male,1/01/1980,literature,1911,69,1970
male,1/01/1931,peace,1862,69,1930
male,1/01/1902,peace,1833,69,1900
male,1/01/1920,peace,1851,69,1910
male,1/01/1927,peace,1858,69,1920
male,1/01/1949,peace,1880,69,1940
female,1/01/1991,literature,1923,68,1990
male,1/01/2008,literature,1940,68,2000
male,1/01/1999,physics,1931,68,1990
male,1/01/2012,physics,1944,68,2010
male,1/01/2012,physics,1944,68,2010
male,1/01/2012,physics,1944,68,2010
male,1/01/2012,physics,1944,68,2010
male,1/01/2002,economics,1934,68,2000
male,1/01/1981,medicine,1913,68,1980
male,1/01/2011,medicine,1943,68,2010
male,1/01/1949,medicine,1881,68,1940
male,1/01/1929,medicine,1861,68,1920
male,1/01/1958,literature,1890,68,1950
male,1/01/1992,physics,1924,68,1990
male,1/01/1992,physics,1924,68,1990
male,1/01/1979,literature,1911,68,1970
male,1/01/1967,literature,1899,68,1960
male,1/01/1983,chemistry,1915,68,1980
male,1/01/1909,medicine,1841,68,1900
male,1/01/2007,physics,1939,68,2000
male,1/01/2008,physics,1940,68,2000
male,1/01/2008,physics,1940,68,2000
male,1/01/1995,physics,1927,68,1990
male,1/01/1987,chemistry,1919,68,1980
male,1/01/2005,medicine,1937,68,2000
male,1/01/2011,economics,1943,68,2010
male,1/01/1985,chemistry,1917,68,1980
male,1/01/1972,economics,1904,68,1970
male,1/01/1995,chemistry,1927,68,1990
male,1/01/1927,literature,1859,68,1920
female,1/01/2015,literature,1948,67,2010
male,1/01/1971,literature,1904,67,1970
male,1/01/1999,economics,1932,67,1990
male,1/01/1934,literature,1867,67,1930
male,1/01/1994,chemistry,1927,67,1990
male,1/01/1971,chemistry,1904,67,1970
male,1/01/1986,economics,1919,67,1980
male,1/01/1933,medicine,1866,67,1930
male,1/01/1985,economics,1918,67,1980
male,1/01/1952,literature,1885,67,1950
male,1/01/1973,economics,1906,67,1970
male,1/01/1989,physics,1922,67,1980
male,1/01/2004,chemistry,1937,67,2000
male,1/01/1988,physics,1921,67,1980
male,1/01/1979,chemistry,1912,67,1970
male,1/01/1967,medicine,1900,67,1960
male,1/01/2013,economics,1946,67,2010
male,1/01/1985,chemistry,1918,67,1980
male,1/01/1990,economics,1923,67,1980
male,1/01/1931,literature,1864,67,1930
male,1/01/1912,peace,1845,67,1910
male,1/01/1970,physics,1904,66,1960
male,1/01/1969,economics,1903,66,1960
male,1/01/1993,economics,1927,66,1990
male,1/01/1935,medicine,1869,66,1930
male,1/01/2013,chemistry,1947,66,2010
male,1/01/1988,physics,1922,66,1980
male,1/01/1973,medicine,1907,66,1970
male,1/01/1982,medicine,1916,66,1980
male,1/01/2007,medicine,1941,66,2000
male,1/01/2006,peace,1940,66,2000
male,1/01/1994,economics,1928,66,1990
male,1/01/1998,economics,1933,65,1990
male,1/01/1953,physics,1888,65,1950
male,1/01/1966,medicine,1901,65,1960
male,1/01/1944,chemistry,1879,65,1940
male,1/01/1932,literature,1867,65,1930
male,1/01/2003,physics,1938,65,2000
male,1/01/1968,chemistry,1903,65,1960
male,1/01/1975,economics,1910,65,1970
male,1/01/1970,medicine,1905,65,1960
male,1/01/1963,chemistry,1898,65,1960
male,1/01/2013,medicine,1948,65,2010
male,1/01/2013,medicine,1948,65,2010
male,1/01/1996,physics,1931,65,1990
male,1/01/1994,peace,1929,65,1990
male,1/01/1978,peace,1913,65,1970
female,1/01/2004,peace,1940,64,2000
male,1/01/1997,physics,1933,64,1990
male,1/01/1997,physics,1933,64,1990
male,1/01/1976,economics,1912,64,1970
male,1/01/2002,chemistry,1938,64,2000
male,1/01/2002,chemistry,1938,64,2000
male,1/01/1952,medicine,1888,64,1950
male,1/01/1970,chemistry,1906,64,1960
male,1/01/1924,medicine,1860,64,1920
male,1/01/1974,chemistry,1910,64,1970
male,1/01/2000,chemistry,1936,64,1990
male,1/01/2000,chemistry,1936,64,1990
male,1/01/1966,physics,1902,64,1960
male,1/01/1945,medicine,1881,64,1940
male,1/01/2008,physics,1944,64,2000
male,1/01/1946,physics,1882,64,1940
male,1/01/2004,economics,1940,64,2000
male,1/01/2004,economics,1940,64,2000
male,1/01/2005,physics,1941,64,2000
male,1/01/2005,physics,1941,64,2000
male,1/01/1980,medicine,1916,64,1970
male,1/01/1967,medicine,1903,64,1960
male,1/01/1986,medicine,1922,64,1980
male,1/01/1988,medicine,1924,64,1980
male,1/01/1950,medicine,1886,64,1940
male,1/01/1929,chemistry,1865,64,1920
male,1/01/1972,physics,1908,64,1970
male,1/01/1994,economics,1930,64,1990
male,1/01/1990,physics,1926,64,1980
male,1/01/1979,economics,1915,64,1970
male,1/01/1907,peace,1843,64,1900
male,1/01/1908,peace,1844,64,1900
male,1/01/1926,peace,1862,64,1920
male,1/01/1930,peace,1866,64,1920
male,1/01/1981,economics,1918,63,1980
male,1/01/1981,physics,1918,63,1980
male,1/01/1987,economics,1924,63,1980
male,1/01/1984,chemistry,1921,63,1980
male,1/01/2000,economics,1937,63,1990
male,1/01/1963,literature,1900,63,1960
male,1/01/1908,physics,1845,63,1900
male,1/01/1969,literature,1906,63,1960
male,1/01/1954,physics,1891,63,1950
male,1/01/1954,physics,1891,63,1950
male,1/01/2005,chemistry,1942,63,2000
male,1/01/1958,physics,1895,63,1950
male,1/01/1958,physics,1895,63,1950
male,1/01/2004,physics,1941,63,2000
male,1/01/1999,medicine,1936,63,1990
male,1/01/1999,medicine,1936,63,1990
male,1/01/1933,literature,1870,63,1930
male,1/01/1975,economics,1912,63,1970
male,1/01/1965,medicine,1902,63,1960
male,1/01/1969,medicine,1906,63,1960
male,1/01/2013,medicine,1950,63,2010
male,1/01/1936,medicine,1873,63,1930
male,1/01/1996,chemistry,1933,63,1990
male,1/01/2005,peace,1942,63,2000
male,1/01/1990,economics,1927,63,1980
male,1/01/1981,chemistry,1918,63,1980
male,1/01/2001,peace,1938,63,2000
male,1/01/2001,chemistry,1938,63,2000
male,1/01/1910,chemistry,1847,63,1900
male,1/01/1913,medicine,1850,63,1910
male,1/01/1908,medicine,1845,63,1900
male,1/01/1906,medicine,1843,63,1900
male,1/01/2003,literature,1940,63,2000
male,1/01/1919,peace,1856,63,1910
female,1/01/1993,literature,1931,62,1990
female,1/01/1905,peace,1843,62,1900
male,1/01/1992,literature,1930,62,1990
male,1/01/1970,physics,1908,62,1960
male,1/01/1992,economics,1930,62,1990
male,1/01/1983,economics,1921,62,1980
male,1/01/1990,chemistry,1928,62,1980
male,1/01/1961,medicine,1899,62,1960
male,1/01/1930,medicine,1868,62,1920
male,1/01/1905,medicine,1843,62,1900
male,1/01/1904,physics,1842,62,1900
male,1/01/1978,economics,1916,62,1970
male,1/01/1928,medicine,1866,62,1920
male,1/01/2010,economics,1948,62,2000
male,1/01/1980,chemistry,1918,62,1970
male,1/01/1998,medicine,1936,62,1990
male,1/01/1974,medicine,1912,62,1970
male,1/01/2001,medicine,1939,62,2000
male,1/01/1995,chemistry,1933,62,1990
male,1/01/1908,literature,1846,62,1900
male,1/01/1907,medicine,1845,62,1900
male,1/01/1901,literature,1839,62,1900
male,1/01/1973,peace,1911,62,1970
male,1/01/1925,peace,1863,62,1920
male,1/01/1960,peace,1898,62,1950
female,1/01/2009,medicine,1948,61,2000
female,1/01/2008,medicine,1947,61,2000
male,1/01/1973,literature,1912,61,1970
male,1/01/1960,medicine,1899,61,1950
male,1/01/2014,economics,1953,61,2010
male,1/01/1967,physics,1906,61,1960
male,1/01/1963,physics,1902,61,1960
male,1/01/1993,chemistry,1932,61,1990
male,1/01/1947,chemistry,1886,61,1940
male,1/01/1920,literature,1859,61,1910
male,1/01/2003,economics,1942,61,2000
male,1/01/2014,chemistry,1953,61,2010
male,1/01/2008,chemistry,1947,61,2000
male,1/01/1976,literature,1915,61,1970
male,1/01/2012,economics,1951,61,2010
male,1/01/2012,economics,1951,61,2010
male,1/01/2001,economics,1940,61,2000
male,1/01/1981,physics,1920,61,1980
male,1/01/1972,chemistry,1911,61,1970
male,1/01/2004,economics,1943,61,2000
male,1/01/2004,economics,1943,61,2000
male,1/01/1956,medicine,1895,61,1950
male,1/01/1956,medicine,1895,61,1950
male,1/01/1975,medicine,1914,61,1970
male,1/01/1967,medicine,1906,61,1960
male,1/01/1969,medicine,1908,61,1960
male,1/01/1936,medicine,1875,61,1930
male,1/01/2006,physics,1945,61,2000
male,1/01/1998,peace,1937,61,1990
male,1/01/2013,economics,1952,61,2010
male,1/01/1990,physics,1929,61,1980
male,1/01/1962,peace,1901,61,1960
male,1/01/1921,peace,1860,61,1920
male,1/01/1922,peace,1861,61,1920
male,1/01/1933,peace,1872,61,1930
male,1/01/2000,literature,1940,60,1990
male,1/01/1917,literature,1857,60,1910
male,1/01/1977,chemistry,1917,60,1970
male,1/01/1977,chemistry,1917,60,1970
male,1/01/1925,chemistry,1865,60,1920
male,1/01/1947,medicine,1887,60,1940
male,1/01/1913,physics,1853,60,1910
male,1/01/1948,literature,1888,60,1940
male,1/01/1962,literature,1902,60,1960
male,1/01/1917,literature,1857,60,1910
male,1/01/2001,chemistry,1941,60,2000
male,1/01/1965,literature,1905,60,1960
male,1/01/1951,literature,1891,60,1950
male,1/01/1980,economics,1920,60,1970
male,1/01/1979,medicine,1919,60,1970
male,1/01/2005,chemistry,1945,60,2000
male,1/01/2014,physics,1954,60,2010
male,1/01/1981,physics,1921,60,1980
male,1/01/2002,medicine,1942,60,2000
male,1/01/1980,medicine,1920,60,1970
male,1/01/1963,medicine,1903,60,1960
male,1/01/1963,chemistry,1903,60,1960
male,1/01/2006,physics,1946,60,2000
male,1/01/1996,economics,1936,60,1990
male,1/01/1987,physics,1927,60,1980
male,1/01/1990,physics,1930,60,1980
male,1/01/1956,chemistry,1896,60,1950
male,1/01/2014,peace,1954,60,2010
male,1/01/1918,physics,1858,60,1910
male,1/01/1978,peace,1918,60,1970
male,1/01/1925,peace,1865,60,1920
male,1/01/1957,peace,1897,60,1950
male,1/01/1905,literature,1846,59,1900
male,1/01/1991,physics,1932,59,1990
male,1/01/1926,medicine,1867,59,1920
male,1/01/1946,chemistry,1887,59,1940
male,1/01/1990,peace,1931,59,1980
male,1/01/2006,chemistry,1947,59,2000
male,1/01/1964,literature,1905,59,1960
male,1/01/1972,chemistry,1913,59,1970
male,1/01/1984,physics,1925,59,1980
male,1/01/1970,medicine,1911,59,1960
male,1/01/1998,physics,1939,59,1990
male,1/01/1996,physics,1937,59,1990
male,1/01/2007,peace,1948,59,2000
male,1/01/1965,physics,1906,59,1960
male,1/01/1956,chemistry,1897,59,1950
male,1/01/1920,physics,1861,59,1910
male,1/01/1909,physics,1850,59,1900
male,1/01/1994,literature,1935,59,1990
male,1/01/1902,peace,1843,59,1900
male,1/01/1913,peace,1854,59,1910
female,1/01/2004,literature,1946,58,2000
male,1/01/1995,economics,1937,58,1990
male,1/01/1923,literature,1865,58,1920
male,1/01/1978,chemistry,1920,58,1970
male,1/01/1991,chemistry,1933,58,1990
male,1/01/1959,literature,1901,58,1950
male,1/01/1912,chemistry,1854,58,1910
male,1/01/1927,physics,1869,58,1920
male,1/01/1975,chemistry,1917,58,1970
male,1/01/1943,chemistry,1885,58,1940
male,1/01/1975,physics,1917,58,1970
male,1/01/2001,economics,1943,58,2000
male,1/01/2001,economics,1943,58,2000
male,1/01/1970,medicine,1912,58,1960
male,1/01/2001,medicine,1943,58,2000
male,1/01/2013,medicine,1955,58,2010
male,1/01/2013,medicine,1955,58,2010
male,1/01/2004,medicine,1946,58,2000
male,1/01/1971,peace,1913,58,1970
male,1/01/1986,peace,1928,58,1980
male,1/01/1936,peace,1878,58,1930
female,1/01/1963,physics,1906,57,1960
female,1/01/2004,medicine,1947,57,2000
male,1/01/2007,economics,1950,57,2000
male,1/01/1968,physics,1911,57,1960
male,1/01/1924,literature,1867,57,1920
male,1/01/1976,chemistry,1919,57,1970
male,1/01/2012,chemistry,1955,57,2010
male,1/01/2009,medicine,1952,57,2000
male,1/01/2009,medicine,1952,57,2000
male,1/01/2009,medicine,1952,57,2000
male,1/01/2004,chemistry,1947,57,2000
male,1/01/1980,physics,1923,57,1970
male,1/01/1986,chemistry,1929,57,1980
male,1/01/1981,medicine,1924,57,1980
male,1/01/1998,medicine,1941,57,1990
male,1/01/1969,medicine,1912,57,1960
male,1/01/1974,medicine,1917,57,1970
male,1/01/1974,medicine,1917,57,1970
male,1/01/1996,chemistry,1939,57,1990
male,1/01/1954,medicine,1897,57,1950
male,1/01/1954,medicine,1897,57,1950
male,1/01/1993,peace,1936,57,1990
male,1/01/1984,medicine,1927,57,1980
male,1/01/1916,literature,1859,57,1910
male,1/01/1910,medicine,1853,57,1900
male,1/01/1931,chemistry,1874,57,1930
male,1/01/1931,chemistry,1874,57,1930
male,1/01/2012,literature,1955,57,2010
male,1/01/1909,peace,1852,57,1900
female,1/01/2003,peace,1947,56,2000
female,1/01/1945,literature,1889,56,1940
female,1/01/1977,medicine,1921,56,1970
female,1/01/2009,literature,1953,56,2000
male,1/01/1997,economics,1941,56,1990
male,1/01/2007,economics,1951,56,2000
male,1/01/1982,chemistry,1926,56,1980
male,1/01/2000,economics,1944,56,1990
male,1/01/1971,medicine,1915,56,1970
male,1/01/1972,chemistry,1916,56,1970
male,1/01/1926,physics,1870,56,1920
male,1/01/1937,literature,1881,56,1930
male,1/01/2008,chemistry,1952,56,2000
male,1/01/2008,chemistry,1952,56,2000
male,1/01/2015,physics,1959,56,2010
male,1/01/1946,medicine,1890,56,1940
male,1/01/1922,literature,1866,56,1920
male,1/01/1988,physics,1932,56,1980
male,1/01/1934,medicine,1878,56,1930
male,1/01/1963,physics,1907,56,1960
male,1/01/1996,medicine,1940,56,1990
male,1/01/1944,medicine,1888,56,1940
male,1/01/1997,chemistry,1941,56,1990
male,1/01/1937,physics,1881,56,1930
male,1/01/1929,chemistry,1873,56,1920
male,1/01/1974,physics,1918,56,1970
male,1/01/1990,economics,1934,56,1980
male,1/01/1995,literature,1939,56,1990
male,1/01/1920,chemistry,1864,56,1910
male,1/01/1909,chemistry,1853,56,1900
male,1/01/1901,physics,1845,56,1900
male,1/01/1961,peace,1905,56,1960
male,1/01/1970,peace,1914,56,1960
female,1/01/1926,literature,1871,55,1920
male,1/01/2008,economics,1953,55,2000
male,1/01/1943,physics,1888,55,1940
male,1/01/1997,medicine,1942,55,1990
male,1/01/1947,physics,1892,55,1940
male,1/01/2010,peace,1955,55,2000
male,1/01/1954,literature,1899,55,1950
male,1/01/1982,literature,1927,55,1980
male,1/01/1907,physics,1852,55,1900
male,1/01/1923,physics,1868,55,1920
male,1/01/1972,literature,1917,55,1970
male,1/01/1979,medicine,1924,55,1970
male,1/01/2004,physics,1949,55,2000
male,1/01/1970,economics,1915,55,1960
male,1/01/1965,medicine,1910,55,1960
male,1/01/2002,medicine,1947,55,2000
male,1/01/1981,medicine,1926,55,1980
male,1/01/1982,medicine,1927,55,1980
male,1/01/1972,medicine,1917,55,1970
male,1/01/1958,medicine,1903,55,1950
male,1/01/1973,chemistry,1918,55,1970
male,1/01/1946,chemistry,1891,55,1940
male,1/01/1904,medicine,1849,55,1900
female,1/01/1964,chemistry,1910,54,1960
male,1/01/1949,chemistry,1895,54,1940
male,1/01/1953,medicine,1899,54,1950
male,1/01/1953,medicine,1899,54,1950
male,1/01/1980,chemistry,1926,54,1970
male,1/01/1923,chemistry,1869,54,1920
male,1/01/1937,chemistry,1883,54,1930
male,1/01/1962,physics,1908,54,1960
male,1/01/1955,chemistry,1901,54,1950
male,1/01/2014,chemistry,1960,54,2010
male,1/01/1958,physics,1904,54,1950
male,1/01/2003,chemistry,1949,54,2000
male,1/01/2014,physics,1960,54,2010
male,1/01/1986,chemistry,1932,54,1980
male,1/01/2011,medicine,1957,54,2010
male,1/01/2011,medicine,1957,54,2010
male,1/01/1950,medicine,1896,54,1940
male,1/01/1959,physics,1905,54,1950
male,1/01/2005,medicine,1951,54,2000
male,1/01/2005,medicine,1951,54,2000
male,1/01/1959,medicine,1905,54,1950
male,1/01/1998,peace,1944,54,1990
male,1/01/1977,physics,1923,54,1970
male,1/01/1951,physics,1897,54,1950
male,1/01/1956,physics,1902,54,1950
male,1/01/1906,chemistry,1852,54,1900
male,1/01/1908,medicine,1854,54,1900
male,1/01/1908,medicine,1854,54,1900
male,1/01/1906,medicine,1852,54,1900
male,1/01/1929,literature,1875,54,1920
male,1/01/2006,literature,1952,54,2000
male,1/01/1989,peace,1935,54,1980
male,1/01/1975,peace,1921,54,1970
female,1/01/1995,medicine,1942,53,1990
male,1/01/1997,economics,1944,53,1990
male,1/01/1999,physics,1946,53,1990
male,1/01/1936,physics,1883,53,1930
male,1/01/1953,medicine,1900,53,1950
male,1/01/1954,chemistry,1901,53,1950
male,1/01/1999,chemistry,1946,53,1990
male,1/01/1955,literature,1902,53,1950
male,1/01/2004,physics,1951,53,2000
male,1/01/1975,physics,1922,53,1970
male,1/01/1979,physics,1926,53,1970
male,1/01/1979,physics,1926,53,1970
male,1/01/1986,physics,1933,53,1980
male,1/01/1976,medicine,1923,53,1970
male,1/01/1964,medicine,1911,53,1960
male,1/01/1977,medicine,1924,53,1970
male,1/01/1950,medicine,1897,53,1940
male,1/01/1996,chemistry,1943,53,1990
male,1/01/1994,medicine,1941,53,1990
male,1/01/1989,medicine,1936,53,1980
male,1/01/1915,physics,1862,53,1910
male,1/01/1984,peace,1931,53,1980
male,1/01/1913,literature,1861,52,1910
male,1/01/2010,physics,1958,52,2000
male,1/01/1936,chemistry,1884,52,1930
male,1/01/1936,chemistry,1884,52,1930
male,1/01/1955,medicine,1903,52,1950
male,1/01/1951,medicine,1899,52,1950
male,1/01/1960,chemistry,1908,52,1950
male,1/01/1949,literature,1897,52,1940
male,1/01/1939,chemistry,1887,52,1930
male,1/01/2014,chemistry,1962,52,2010
male,1/01/2014,chemistry,1962,52,2010
male,1/01/1993,physics,1941,52,1990
male,1/01/1970,literature,1918,52,1960
male,1/01/1928,chemistry,1876,52,1920
male,1/01/1956,medicine,1904,52,1950
male,1/01/1956,medicine,1904,52,1950
male,1/01/1964,medicine,1912,52,1960
male,1/01/1996,medicine,1944,52,1990
male,1/01/2014,medicine,1962,52,2010
male,1/01/2001,medicine,1949,52,2000
male,1/01/1973,chemistry,1921,52,1970
male,1/01/1995,chemistry,1943,52,1990
male,1/01/1904,chemistry,1852,52,1900
male,1/01/1986,literature,1934,52,1980
male,1/01/1921,peace,1869,52,1920
female,1/01/2014,medicine,1963,51,2010
female,1/01/1947,medicine,1896,51,1940
female,1/01/1909,literature,1858,51,1900
male,1/01/1939,literature,1888,51,1930
male,1/01/1948,physics,1897,51,1940
male,1/01/1932,chemistry,1881,51,1930
male,1/01/1988,chemistry,1937,51,1980
male,1/01/1969,chemistry,1918,51,1960
male,1/01/1976,medicine,1925,51,1970
male,1/01/1977,medicine,1926,51,1970
male,1/01/1996,physics,1945,51,1990
male,1/01/1947,medicine,1896,51,1940
male,1/01/1972,economics,1921,51,1970
male,1/01/1903,physics,1852,51,1900
male,1/01/1957,medicine,1907,50,1950
male,1/01/1943,medicine,1893,50,1940
male,1/01/1927,chemistry,1877,50,1920
male,1/01/1945,chemistry,1895,50,1940
male,1/01/1961,chemistry,1911,50,1960
male,1/01/1957,chemistry,1907,50,1950
male,1/01/2001,physics,1951,50,2000
male,1/01/1958,physics,1908,50,1950
male,1/01/1958,physics,1908,50,1950
male,1/01/1978,medicine,1928,50,1970
male,1/01/2012,medicine,1962,50,2010
male,1/01/2012,medicine,1962,50,2010
male,1/01/1918,chemistry,1868,50,1910
male,1/01/1986,chemistry,1936,50,1980
male,1/01/1984,physics,1934,50,1980
male,1/01/1993,medicine,1943,50,1990
male,1/01/1989,chemistry,1939,50,1980
male,1/01/1989,medicine,1939,50,1980
male,1/01/1974,physics,1924,50,1970
male,1/01/1902,chemistry,1852,50,1900
male,1/01/1906,physics,1856,50,1900
male,1/01/1912,literature,1862,50,1910
male,1/01/1973,peace,1923,50,1970
male,1/01/1915,literature,1866,49,1910
male,1/01/1997,physics,1948,49,1990
male,1/01/1997,physics,1948,49,1990
male,1/01/1964,physics,1915,49,1960
male,1/01/1919,medicine,1870,49,1910
male,1/01/1948,medicine,1899,49,1940
male,1/01/1993,chemistry,1944,49,1990
male,1/01/1930,chemistry,1881,49,1920
male,1/01/1911,medicine,1862,49,1910
male,1/01/1928,physics,1879,49,1920
male,1/01/1978,medicine,1929,49,1970
male,1/01/1975,physics,1926,49,1970
male,1/01/1980,physics,1931,49,1970
male,1/01/1934,medicine,1885,49,1930
male,1/01/1991,medicine,1942,49,1990
male,1/01/1963,medicine,1914,49,1960
male,1/01/1993,medicine,1944,49,1990
male,1/01/1998,physics,1949,49,1990
male,1/01/1958,medicine,1909,49,1950
male,1/01/1911,literature,1862,49,1910
male,1/01/1902,physics,1853,49,1900
male,1/01/1901,chemistry,1852,49,1900
male,1/01/1980,peace,1931,49,1970
female,1/01/2009,medicine,1961,48,2000
male,1/01/1964,physics,1916,48,1960
male,1/01/1987,medicine,1939,48,1980
male,1/01/1931,medicine,1883,48,1930
male,1/01/1943,medicine,1895,48,1940
male,1/01/2009,peace,1961,48,2000
male,1/01/1937,chemistry,1889,48,1930
male,1/01/1965,chemistry,1917,48,1960
male,1/01/1936,literature,1888,48,1930
male,1/01/1980,chemistry,1932,48,1970
male,1/01/1987,chemistry,1939,48,1980
male,1/01/1987,chemistry,1939,48,1980
male,1/01/1982,medicine,1934,48,1980
male,1/01/1995,medicine,1947,48,1990
male,1/01/1950,chemistry,1902,48,1940
male,1/01/1998,physics,1950,48,1990
male,1/01/1973,physics,1925,48,1970
male,1/01/1951,physics,1903,48,1950
male,1/01/1956,physics,1908,48,1950
male,1/01/1962,chemistry,1914,48,1960
male,1/01/1996,peace,1948,48,1990
male,1/01/1958,peace,1910,48,1950
male,1/01/1906,peace,1858,48,1900
male,1/01/1926,peace,1878,48,1920
female,1/01/1997,peace,1950,47,1990
male,1/01/1987,literature,1940,47,1980
male,1/01/1907,chemistry,1860,47,1900
male,1/01/1950,physics,1903,47,1940
male,1/01/1911,physics,1864,47,1910
male,1/01/1901,medicine,1854,47,1900
male,1/01/2003,chemistry,1956,47,2000
male,1/01/2003,chemistry,1956,47,2000
male,1/01/1923,medicine,1876,47,1920
male,1/01/1945,medicine,1898,47,1940
male,1/01/1978,medicine,1931,47,1970
male,1/01/1979,physics,1932,47,1970
male,1/01/1952,physics,1905,47,1950
male,1/01/1991,medicine,1944,47,1990
male,1/01/2006,medicine,1959,47,2000
male,1/01/1965,physics,1918,47,1960
male,1/01/1965,physics,1918,47,1960
male,1/01/1967,chemistry,1920,47,1960
male,1/01/1996,peace,1949,47,1990
male,1/01/1913,chemistry,1866,47,1910
male,1/01/1931,chemistry,1884,47,1930
male,1/01/1931,chemistry,1884,47,1930
male,1/01/1911,peace,1864,47,1910
female,1/01/1991,peace,1945,46,1990
female,1/01/1938,literature,1892,46,1930
female,1/01/1928,literature,1882,46,1920
male,1/01/1920,medicine,1874,46,1910
male,1/01/1961,physics,1915,46,1960
male,1/01/1948,chemistry,1902,46,1940
male,1/01/1944,physics,1898,46,1940
male,1/01/1982,physics,1936,46,1980
male,1/01/1987,peace,1941,46,1980
male,1/01/1933,physics,1887,46,1930
male,1/01/1938,medicine,1892,46,1930
male,1/01/1979,physics,1933,46,1970
male,1/01/1963,medicine,1917,46,1960
male,1/01/1962,medicine,1916,46,1960
male,1/01/1962,medicine,1916,46,1960
male,1/01/2006,medicine,1960,46,2000
male,1/01/1968,medicine,1922,46,1960
male,1/01/1968,medicine,1922,46,1960
male,1/01/1956,physics,1910,46,1950
male,1/01/1914,chemistry,1868,46,1910
male,1/01/1950,peace,1904,46,1940
male,1/01/1935,peace,1889,46,1930
male,1/01/1960,medicine,1915,45,1950
male,1/01/1919,physics,1874,45,1910
male,1/01/1922,chemistry,1877,45,1920
male,1/01/1930,literature,1885,45,1920
male,1/01/1902,medicine,1857,45,1900
male,1/01/1988,chemistry,1943,45,1980
male,1/01/1988,chemistry,1943,45,1980
male,1/01/1945,physics,1900,45,1940
male,1/01/1965,medicine,1920,45,1960
male,1/01/1985,medicine,1940,45,1980
male,1/01/1978,physics,1933,45,1970
male,1/01/1937,physics,1892,45,1930
male,1/01/1976,physics,1931,45,1970
male,1/01/1962,chemistry,1917,45,1960
female,1/01/1911,chemistry,1867,44,1910
male,1/01/1921,chemistry,1877,44,1920
male,1/01/1937,medicine,1893,44,1930
male,1/01/1957,literature,1913,44,1950
male,1/01/1955,physics,1911,44,1950
male,1/01/2001,physics,1957,44,2000
male,1/01/2011,physics,1967,44,2010
male,1/01/1939,medicine,1895,44,1930
male,1/01/1935,physics,1891,44,1930
male,1/01/1985,medicine,1941,44,1980
male,1/01/1951,chemistry,1907,44,1950
male,1/01/1973,physics,1929,44,1970
male,1/01/1981,chemistry,1937,44,1980
male,1/01/1903,chemistry,1859,44,1900
male,1/01/1903,physics,1859,44,1900
male,1/01/1912,physics,1869,43,1910
male,1/01/1915,chemistry,1872,43,1910
male,1/01/1905,physics,1862,43,1900
male,1/01/1993,physics,1950,43,1990
male,1/01/2002,chemistry,1959,43,2000
male,1/01/1972,medicine,1929,43,1970
male,1/01/1932,medicine,1889,43,1930
male,1/01/1925,physics,1882,43,1920
male,1/01/1903,medicine,1860,43,1900
male,1/01/1964,physics,1922,42,1960
male,1/01/1955,physics,1913,42,1950
male,1/01/1949,physics,1907,42,1940
male,1/01/1949,physics,1907,42,1940
male,1/01/1921,physics,1879,42,1920
male,1/01/1926,chemistry,1884,42,1920
male,1/01/1930,physics,1888,42,1920
male,1/01/2011,physics,1969,42,2010
male,1/01/2011,physics,1969,42,2010
male,1/01/1985,physics,1943,42,1980
male,1/01/1934,medicine,1892,42,1930
male,1/01/1934,medicine,1892,42,1930
male,1/01/1989,chemistry,1947,42,1980
male,1/01/1978,physics,1936,42,1970
male,1/01/1952,chemistry,1910,42,1950
male,1/01/1972,physics,1930,42,1970
male,1/01/1946,chemistry,1904,42,1940
male,1/01/1907,literature,1865,42,1900
male,1/01/1934,chemistry,1893,41,1930
male,1/01/1912,chemistry,1871,41,1910
male,1/01/1975,medicine,1934,41,1970
male,1/01/1959,medicine,1918,41,1950
male,1/01/1968,medicine,1927,41,1960
male,1/01/1972,physics,1931,41,1970
male,1/01/1969,physics,1929,40,1960
male,1/01/1917,physics,1877,40,1910
male,1/01/1958,chemistry,1918,40,1950
male,1/01/2001,physics,1961,40,2000
male,1/01/1988,chemistry,1948,40,1980
male,1/01/1952,physics,1912,40,1950
male,1/01/1976,physics,1936,40,1970
male,1/01/1967,chemistry,1927,40,1960
male,1/01/1983,peace,1943,40,1980
female,1/01/2011,peace,1972,39,2010
male,1/01/1945,medicine,1906,39,1940
male,1/01/1986,physics,1947,39,1980
male,1/01/1951,chemistry,1912,39,1950
male,1/01/1954,medicine,1915,39,1950
male,1/01/1959,physics,1920,39,1950
male,1/01/1912,medicine,1873,39,1910
female,1/01/1935,chemistry,1897,38,1930
male,1/01/1924,physics,1886,38,1920
male,1/01/1922,medicine,1884,38,1920
male,1/01/1938,chemistry,1900,38,1930
male,1/01/1938,chemistry,1900,38,1930
male,1/01/1914,medicine,1876,38,1910
male,1/01/1939,physics,1901,38,1930
male,1/01/1954,medicine,1916,38,1950
male,1/01/1925,physics,1887,38,1920
male,1/01/1952,chemistry,1914,38,1950
male,1/01/1984,medicine,1946,38,1980
male,1/01/1938,physics,1901,37,1930
male,1/01/1929,physics,1892,37,1920
male,1/01/1908,chemistry,1871,37,1900
male,1/01/1922,physics,1885,37,1920
male,1/01/1975,medicine,1938,37,1970
male,1/01/1987,physics,1950,37,1980
male,1/01/1902,physics,1865,37,1900
female,1/01/1903,physics,1867,36,1900
male,1/01/2010,physics,1974,36,2000
male,1/01/1922,medicine,1886,36,1920
male,1/01/1939,chemistry,1903,36,1930
male,1/01/1939,chemistry,1903,36,1930
male,1/01/1914,physics,1879,35,1910
male,1/01/1927,physics,1892,35,1920
male,1/01/1957,physics,1922,35,1950
male,1/01/1909,physics,1874,35,1900
male,1/01/1935,chemistry,1900,35,1930
male,1/01/1964,peace,1929,35,1960
male,1/01/1960,physics,1926,34,1950
male,1/01/1962,medicine,1928,34,1960
female,1/01/1992,peace,1959,33,1990
female,1/01/1976,peace,1943,33,1970
male,1/01/1958,medicine,1925,33,1950
male,1/01/1973,physics,1940,33,1970
female,1/01/2011,peace,1979,32,2010
female,1/01/1976,peace,1944,32,1970
male,1/01/1961,physics,1929,32,1960
male,1/01/1961,physics,1929,32,1960
male,1/01/1923,medicine,1891,32,1920
male,1/01/1936,physics,1905,31,1930
male,1/01/1932,physics,1901,31,1930
male,1/01/1933,physics,1902,31,1930
male,1/01/1957,physics,1926,31,1950
male,1/01/1915,physics,1890,25,1910
female,1/01/2014,peace,1997,17,2010
